OrderID,OrderDate,CustomerID,Region,Store,Category,Sub-Category,Product,Quantity,UnitPrice,Discount,Revenue,UnitCost,Cost,Profit,InventoryDays,Season
ORD00001,16-10-2024,CUST1114,North,Store C,Furniture,Table,Table Model 18,5,354.19,0,1770.95,161.44,807.2,963.75,23,Autumn
ORD00002,23-11-2024,CUST1758,North,Store D,Electronics,Mobile,Mobile Model 12,2,2911.99,0.05,5532.78,1863.36,3726.72,1806.06,32,Autumn
ORD00003,27-08-2023,CUST1517,North,Store B,Grocery,Beverages,Beverages Model 58,2,407.64,0.2,652.22,235.01,470.02,182.2,5,Summer
ORD00004,12-10-2023,CUST1828,North,Store B,Grocery,Staples,Staples Model 36,3,619.68,0.05,1766.09,361.87,1085.61,680.48,31,Autumn
ORD00005,09-08-2023,CUST1980,East,Store A,Electronics,Camera,Camera Model 13,3,1579.14,0.1,4263.68,965,2895,1368.68,21,Summer
ORD00006,19-12-2023,CUST1618,East,Store A,Grocery,Snacks,Snacks Model 119,2,1900.33,0.15,3230.56,1246.38,2492.76,737.8,13,Winter
ORD00007,22-03-2023,CUST1565,East,Store C,Furniture,Chair,Chair Model 6,3,1384.25,0.05,3945.11,683.84,2051.52,1893.59,19,Spring
ORD00008,24-10-2023,CUST1081,South,Store A,Grocery,Staples,Staples Model 59,1,1823.17,0.1,1640.85,1041.13,1041.13,599.72,7,Autumn
ORD00009,16-06-2023,CUST1379,East,Store B,Clothing,Shirts,Shirts Model 78,3,1116.09,0.05,3180.86,366.01,1098.03,2082.83,28,Summer
ORD00010,30-06-2024,CUST1746,South,Store B,Grocery,Dairy,Dairy Model 35,1,432.17,0.2,345.74,235.72,235.72,110.02,26,Summer
ORD00011,13-08-2023,CUST1701,East,Store A,Furniture,Chair,Chair Model 104,2,579.13,0.1,1042.43,308.6,617.2,425.23,5,Summer
ORD00012,15-02-2024,CUST1274,North,Store B,Clothing,Jeans,Jeans Model 84,2,1614.28,0.15,2744.28,516.92,1033.84,1710.44,9,Winter
ORD00013,10-02-2024,CUST1905,West,Store B,Clothing,Jeans,Jeans Model 32,4,1640.15,0.2,5248.48,597.8,2391.2,2857.28,30,Winter
ORD00014,05-07-2024,CUST1269,West,Store D,Clothing,Jeans,Jeans Model 18,1,749.01,0.2,599.21,242.01,242.01,357.2,29,Summer
ORD00015,20-05-2024,CUST1093,North,Store A,Furniture,Table,Table Model 102,4,656.42,0.15,2231.83,316.73,1266.92,964.91,29,Spring
ORD00016,02-09-2024,CUST1065,West,Store D,Grocery,Staples,Staples Model 71,3,1440.83,0,4322.49,909.59,2728.77,1593.72,36,Autumn
ORD00017,27-11-2024,CUST1738,North,Store C,Clothing,Shirts,Shirts Model 38,4,883.7,0.15,3004.58,279.94,1119.76,1884.82,5,Autumn
ORD00018,11-06-2023,CUST1464,North,Store C,Furniture,Chair,Chair Model 112,3,850.25,0.1,2295.68,446.85,1340.55,955.13,32,Summer
ORD00019,16-10-2024,CUST1519,South,Store B,Clothing,Jeans,Jeans Model 70,2,615.02,0.2,984.03,200.67,401.34,582.69,30,Autumn
ORD00020,01-01-2023,CUST1613,East,Store D,Electronics,Mobile,Mobile Model 119,3,1652.58,0.1,4461.97,1052.52,3157.56,1304.41,23,Winter
ORD00021,11-11-2023,CUST1245,North,Store B,Electronics,Mobile,Mobile Model 94,3,741.71,0.15,1891.36,438.54,1315.62,575.74,23,Autumn
ORD00022,12-03-2023,CUST1778,South,Store B,Grocery,Beverages,Beverages Model 34,1,1045.96,0.2,836.77,617.21,617.21,219.56,23,Spring
ORD00023,13-09-2024,CUST1433,South,Store B,Clothing,Jackets,Jackets Model 86,2,708.35,0.1,1275.03,269.88,539.76,735.27,22,Autumn
ORD00024,24-03-2024,CUST1921,West,Store A,Furniture,Table,Table Model 9,5,1019.63,0.1,4588.34,489.51,2447.55,2140.79,5,Spring
ORD00025,22-01-2023,CUST1602,South,Store B,Electronics,Mobile,Mobile Model 91,2,1857.98,0,3715.96,1115.39,2230.78,1485.18,17,Winter
ORD00026,23-08-2023,CUST1069,North,Store C,Electronics,Laptop,Laptop Model 36,2,2958.03,0.15,5028.65,1683.26,3366.52,1662.13,23,Summer
ORD00027,08-08-2023,CUST1552,South,Store D,Furniture,Bed,Bed Model 104,3,1470.02,0.15,3748.55,715.57,2146.71,1601.84,36,Summer
ORD00028,14-07-2023,CUST1096,North,Store D,Clothing,Jackets,Jackets Model 53,2,1678.84,0.15,2854.03,566.53,1133.06,1720.97,36,Summer
ORD00029,25-02-2023,CUST1689,North,Store A,Grocery,Staples,Staples Model 103,2,1202.24,0,2404.48,746.96,1493.92,910.56,20,Winter
ORD00030,12-09-2023,CUST1196,South,Store D,Furniture,Bed,Bed Model 24,3,1397.33,0.1,3772.79,682.84,2048.52,1724.27,15,Autumn
ORD00031,18-04-2024,CUST1255,North,Store D,Electronics,Mobile,Mobile Model 84,2,1072.62,0.2,1716.19,593.82,1187.64,528.55,29,Spring
ORD00032,16-01-2023,CUST1992,North,Store B,Furniture,Bed,Bed Model 63,4,231.55,0.15,787.27,124.97,499.88,287.39,5,Winter
ORD00033,07-08-2023,CUST1885,West,Store A,Furniture,Bed,Bed Model 1,4,1465.61,0.15,4983.07,791.01,3164.04,1819.03,23,Summer
ORD00034,29-09-2023,CUST1948,West,Store C,Grocery,Dairy,Dairy Model 20,2,365.18,0.05,693.84,236.57,473.14,220.7,24,Autumn
ORD00035,31-10-2023,CUST1222,North,Store A,Clothing,Shirts,Shirts Model 7,2,247.87,0.2,396.59,89.59,179.18,217.41,42,Autumn
ORD00036,03-05-2024,CUST1514,South,Store A,Electronics,Laptop,Laptop Model 9,3,768.95,0.2,1845.48,445.26,1335.78,509.7,25,Spring
ORD00037,11-03-2023,CUST1691,South,Store D,Electronics,Laptop,Laptop Model 75,6,1150.57,0.2,5522.74,657.92,3947.52,1575.22,30,Spring
ORD00038,10-02-2023,CUST1634,North,Store D,Clothing,Dresses,Dresses Model 27,5,430.72,0.1,1938.24,157.46,787.3,1150.94,17,Winter
ORD00039,02-09-2023,CUST1271,West,Store B,Clothing,Jackets,Jackets Model 41,2,1308.67,0,2617.34,428.46,856.92,1760.42,17,Autumn
ORD00040,10-01-2023,CUST1469,North,Store A,Furniture,Sofa,Sofa Model 17,1,1860.22,0.1,1674.2,916.75,916.75,757.45,28,Winter
ORD00041,12-03-2023,CUST1900,South,Store C,Clothing,Jeans,Jeans Model 57,5,1709.72,0.2,6838.88,576.49,2882.45,3956.43,22,Spring
ORD00042,21-12-2024,CUST1309,North,Store C,Electronics,Laptop,Laptop Model 34,4,1873.9,0,7495.6,1234.54,4938.16,2557.44,5,Winter
ORD00043,20-04-2023,CUST1760,South,Store C,Clothing,Jeans,Jeans Model 92,2,1760.88,0.1,3169.58,645.99,1291.98,1877.6,32,Spring
ORD00044,28-07-2023,CUST1703,East,Store D,Clothing,Shirts,Shirts Model 12,2,1628.25,0.15,2768.03,605.23,1210.46,1557.57,32,Summer
ORD00045,11-10-2023,CUST1045,North,Store C,Furniture,Sofa,Sofa Model 21,6,1418.84,0.15,7236.08,751.39,4508.34,2727.74,16,Autumn
ORD00046,18-07-2024,CUST1722,West,Store A,Electronics,Mobile,Mobile Model 114,2,1766.47,0.05,3356.29,961.51,1923.02,1433.27,29,Summer
ORD00047,12-07-2024,CUST1036,East,Store B,Grocery,Beverages,Beverages Model 6,3,1202.12,0.1,3245.72,653.54,1960.62,1285.1,9,Summer
ORD00048,09-01-2024,CUST1920,North,Store C,Furniture,Table,Table Model 86,3,1264.64,0,3793.92,579.88,1739.64,2054.28,15,Winter
ORD00049,29-12-2023,CUST1798,West,Store B,Furniture,Table,Table Model 103,1,1086.14,0.05,1031.83,547.48,547.48,484.35,36,Winter
ORD00050,27-02-2024,CUST1025,South,Store C,Grocery,Beverages,Beverages Model 35,4,578.12,0.05,2196.86,342.64,1370.56,826.3,29,Winter
ORD00051,19-12-2024,CUST1110,West,Store A,Grocery,Beverages,Beverages Model 26,1,99.43,0.15,-84.52,65.18,65.18,-149.7,35,Winter
ORD00052,25-12-2023,CUST1312,South,Store B,Electronics,Laptop,Laptop Model 52,2,532.58,0.1,958.64,303.59,607.18,351.46,30,Winter
ORD00053,13-10-2023,CUST1885,North,Store C,Clothing,Jackets,Jackets Model 87,4,1911.99,0.2,6118.37,701.04,2804.16,3314.21,45,Autumn
ORD00054,06-12-2023,CUST1961,North,Store A,Clothing,Jeans,Jeans Model 75,2,744.15,0.1,1339.47,273.88,547.76,791.71,32,Winter
ORD00055,09-02-2023,CUST1111,West,Store C,Clothing,Jackets,Jackets Model 78,1,276.34,0.2,221.07,87.94,87.94,133.13,20,Winter
ORD00056,29-04-2023,CUST1394,South,Store C,Electronics,Camera,Camera Model 1,1,1512.98,0.2,1210.38,902.97,902.97,307.41,42,Spring
ORD00057,05-07-2024,CUST1703,South,Store C,Grocery,Snacks,Snacks Model 86,2,827.08,0.1,1488.74,507.75,1015.5,473.24,14,Summer
ORD00058,30-09-2024,CUST1321,North,Store C,Clothing,Jackets,Jackets Model 42,3,1720.16,0.15,4386.41,621.16,1863.48,2522.93,21,Autumn
ORD00059,14-12-2024,CUST1302,South,Store B,Grocery,Dairy,Dairy Model 87,2,1302.72,0.05,2475.17,707.61,1415.22,1059.95,27,Winter
ORD00060,22-09-2024,CUST1582,East,Store D,Electronics,Headphones,Headphones Model 37,4,1670.93,0.05,6349.53,1091.08,4364.32,1985.21,21,Autumn
ORD00061,16-03-2024,CUST1804,East,Store D,Grocery,Dairy,Dairy Model 87,4,185.25,0.05,703.95,102.28,409.12,294.83,14,Spring
ORD00062,07-06-2024,CUST1484,South,Store A,Clothing,Dresses,Dresses Model 12,3,1638.21,0.05,4668.9,548.36,1645.08,3023.82,22,Summer
ORD00063,19-11-2024,CUST1317,South,Store B,Furniture,Chair,Chair Model 6,1,1408.64,0.05,1338.21,722.48,722.48,615.73,24,Autumn
ORD00064,01-05-2024,CUST1625,North,Store D,Grocery,Beverages,Beverages Model 92,3,1513.7,0.15,3859.94,963.95,2891.85,968.09,26,Spring
ORD00065,21-05-2024,CUST1409,South,Store B,Electronics,Mobile,Mobile Model 100,4,1071.85,0.15,3644.29,698.51,2794.04,850.25,17,Spring
ORD00066,13-08-2023,CUST1180,West,Store A,Furniture,Chair,Chair Model 59,3,1809.98,0.05,5158.44,905.94,2717.82,2440.62,33,Summer
ORD00067,20-04-2024,CUST1683,East,Store D,Grocery,Dairy,Dairy Model 115,4,71.13,0.05,270.29,46.14,184.56,85.73,22,Spring
ORD00068,01-05-2024,CUST1460,East,Store B,Clothing,Jackets,Jackets Model 81,6,690.9,0.05,-3938.13,250.16,1500.96,-5439.09,12,Spring
ORD00069,09-10-2023,CUST1450,North,Store C,Furniture,Sofa,Sofa Model 43,4,1014.12,0.1,3650.83,462.19,1848.76,1802.07,5,Autumn
ORD00070,07-07-2024,CUST1082,South,Store B,Furniture,Bed,Bed Model 89,3,328.83,0.05,937.17,173.01,519.03,418.14,41,Summer
ORD00071,24-12-2024,CUST1219,North,Store D,Grocery,Staples,Staples Model 70,2,214.01,0.15,363.82,133.57,267.14,96.68,19,Winter
ORD00072,01-03-2024,CUST1063,South,Store D,Grocery,Snacks,Snacks Model 110,1,1973.95,0.2,1579.16,1154.59,1154.59,424.57,22,Spring
ORD00073,25-01-2024,CUST1488,North,Store C,Clothing,Jackets,Jackets Model 110,6,212.83,0.15,1085.43,78.62,471.72,613.71,5,Winter
ORD00074,05-07-2024,CUST1765,South,Store D,Furniture,Sofa,Sofa Model 56,2,1010.62,0.15,1718.05,455.93,911.86,806.19,38,Summer
ORD00075,30-01-2023,CUST1398,East,Store D,Furniture,Bed,Bed Model 118,2,281.69,0.05,535.21,130.07,260.14,275.07,35,Winter
ORD00076,29-09-2024,CUST1546,North,Store D,Electronics,Mobile,Mobile Model 83,4,2615.65,0.15,8893.21,1482.63,5930.52,2962.69,29,Autumn
ORD00077,19-05-2023,CUST1887,West,Store B,Electronics,Headphones,Headphones Model 49,2,2911.9,0.1,5241.42,1587.51,3175.02,2066.4,20,Spring
ORD00078,05-08-2023,CUST1465,East,Store C,Grocery,Staples,Staples Model 97,2,1130.02,0.15,1921.03,741.65,1483.3,437.73,31,Summer
ORD00079,16-09-2023,CUST1854,North,Store D,Electronics,Mobile,Mobile Model 45,4,1910.61,0.05,7260.32,1165.7,4662.8,2597.52,18,Autumn
ORD00080,27-10-2024,CUST1070,North,Store A,Furniture,Table,Table Model 108,3,954.21,0,2862.63,463.11,1389.33,1473.3,31,Autumn
ORD00081,28-09-2024,CUST1156,South,Store B,Grocery,Snacks,Snacks Model 73,2,1950.07,0.05,3705.13,1283.82,2567.64,1137.49,24,Autumn
ORD00082,21-04-2024,CUST1716,East,Store C,Furniture,Chair,Chair Model 100,4,1826.31,0.05,6939.98,972.06,3888.24,3051.74,42,Spring
ORD00083,15-11-2023,CUST1110,North,Store C,Grocery,Dairy,Dairy Model 92,7,101.42,0.05,674.44,59.35,415.45,258.99,23,Autumn
ORD00084,19-03-2023,CUST1606,South,Store A,Clothing,Shirts,Shirts Model 102,5,858.9,0.2,3435.6,286.99,1434.95,2000.65,6,Spring
ORD00085,12-02-2023,CUST1355,West,Store C,Electronics,Headphones,Headphones Model 2,1,2604.31,0.15,2213.66,1660.37,1660.37,553.29,38,Winter
ORD00086,16-05-2024,CUST1108,West,Store C,Grocery,Beverages,Beverages Model 56,4,301.86,0.05,1147.07,197.56,790.24,356.83,23,Spring
ORD00087,18-06-2024,CUST1988,East,Store D,Grocery,Dairy,Dairy Model 106,3,1255.35,0.2,3012.84,731.84,2195.52,817.32,23,Summer
ORD00088,02-10-2023,CUST1330,South,Store A,Clothing,Jackets,Jackets Model 32,5,1143.83,0.15,4861.28,430.5,2152.5,2708.78,11,Autumn
ORD00089,06-08-2024,CUST1624,West,Store C,Electronics,Camera,Camera Model 109,2,159.19,0.1,-286.54,100.39,200.78,-487.32,43,Summer
ORD00090,06-07-2023,CUST1499,South,Store C,Clothing,Dresses,Dresses Model 36,2,78.36,0.2,125.38,26.61,53.22,72.16,36,Summer
ORD00091,19-12-2024,CUST1901,East,Store A,Furniture,Chair,Chair Model 31,3,1813.11,0.15,4623.43,879.04,2637.12,1986.31,38,Winter
ORD00092,15-05-2024,CUST1568,South,Store D,Grocery,Dairy,Dairy Model 102,5,1856.85,0,9284.25,1112.35,5561.75,3722.5,20,Spring
ORD00093,06-04-2023,CUST1301,South,Store D,Furniture,Sofa,Sofa Model 85,2,1961.06,0.2,3137.7,979.08,1958.16,1179.54,33,Spring
ORD00094,13-01-2024,CUST1484,East,Store D,Clothing,Dresses,Dresses Model 90,2,301.32,0.15,512.24,97.62,195.24,317,5,Winter
ORD00095,05-10-2023,CUST1313,East,Store B,Electronics,Laptop,Laptop Model 41,2,1949.56,0,3899.12,1095.31,2190.62,1708.5,28,Autumn
ORD00096,02-07-2024,CUST1973,South,Store B,Furniture,Bed,Bed Model 36,3,424.96,0.2,1019.9,192.97,578.91,440.99,16,Summer
ORD00097,21-06-2024,CUST1611,East,Store A,Furniture,Sofa,Sofa Model 30,2,395.17,0.1,711.31,181.33,362.66,348.65,18,Summer
ORD00098,03-07-2023,CUST1309,North,Store B,Clothing,Shirts,Shirts Model 7,2,1031.66,0.2,1650.66,374.83,749.66,901,7,Summer
ORD00099,27-10-2023,CUST1714,South,Store D,Electronics,Mobile,Mobile Model 74,1,2413.28,0.1,2171.95,1485.01,1485.01,686.94,30,Autumn
ORD00100,25-04-2024,CUST1490,West,Store C,Furniture,Chair,Chair Model 33,3,772.42,0.15,1969.67,385.01,1155.03,814.64,12,Spring
ORD00101,27-04-2023,CUST1841,North,Store D,Grocery,Snacks,Snacks Model 74,3,1507.57,0,4522.71,820.72,2462.16,2060.55,30,Spring
ORD00102,05-06-2023,CUST1152,East,Store A,Furniture,Chair,Chair Model 72,4,922.45,0.15,3136.33,464.23,1856.92,1279.41,8,Summer
ORD00103,12-09-2024,CUST1610,South,Store D,Grocery,Dairy,Dairy Model 39,2,785.7,0.2,1257.12,426.17,852.34,404.78,7,Autumn
ORD00104,15-03-2024,CUST1312,North,Store A,Furniture,Table,Table Model 34,2,1786.53,0,3573.06,909.99,1819.98,1753.08,12,Spring
ORD00105,10-06-2023,CUST1245,South,Store A,Furniture,Chair,Chair Model 53,4,1097.36,0.15,3731.02,558.21,2232.84,1498.18,14,Summer
ORD00106,06-12-2024,CUST1608,West,Store C,Electronics,Laptop,Laptop Model 37,1,905.04,0.1,814.54,528.15,528.15,286.39,38,Winter
ORD00107,20-12-2024,CUST1880,West,Store A,Furniture,Sofa,Sofa Model 101,3,1973.7,0.2,4736.88,1007.73,3023.19,1713.69,15,Winter
ORD00108,08-11-2024,CUST1823,South,Store D,Electronics,Laptop,Laptop Model 83,2,544.99,0.05,1035.48,306.5,613,422.48,17,Autumn
ORD00109,30-09-2023,CUST1846,South,Store A,Electronics,Laptop,Laptop Model 102,2,2698.04,0.1,4856.47,1482.92,2965.84,1890.63,5,Autumn
ORD00110,01-09-2024,CUST1766,East,Store D,Electronics,Camera,Camera Model 89,2,1238.73,0.1,2229.71,813.02,1626.04,603.67,28,Autumn
ORD00111,17-12-2024,CUST1412,East,Store D,Grocery,Snacks,Snacks Model 77,4,1353.85,0,5415.4,882.07,3528.28,1887.12,44,Winter
ORD00112,18-03-2024,CUST1752,East,Store C,Electronics,Mobile,Mobile Model 30,3,1021.76,0.2,2452.22,603.91,1811.73,640.49,39,Spring
ORD00113,24-08-2024,CUST1973,North,Store C,Electronics,Laptop,Laptop Model 61,2,410.9,0.2,657.44,251.99,503.98,153.46,29,Summer
ORD00114,29-10-2024,CUST1452,East,Store B,Grocery,Dairy,Dairy Model 12,2,1088.55,0.15,1850.53,594.59,1189.18,661.35,5,Autumn
ORD00115,23-12-2023,CUST1418,East,Store C,Electronics,Laptop,Laptop Model 43,2,260.37,0.15,442.63,171.53,343.06,99.57,37,Winter
ORD00116,11-12-2024,CUST1507,East,Store D,Electronics,Camera,Camera Model 12,3,1817.24,0.1,4906.55,1084.15,3252.45,1654.1,13,Winter
ORD00117,16-09-2023,CUST1331,North,Store D,Electronics,Camera,Camera Model 53,3,2504.56,0,7513.68,1642.5,4927.5,2586.18,24,Autumn
ORD00118,12-07-2023,CUST1530,East,Store D,Grocery,Snacks,Snacks Model 27,3,1495.19,0.1,4037.01,910.48,2731.44,1305.57,12,Summer
ORD00119,16-07-2024,CUST1134,East,Store D,Grocery,Snacks,Snacks Model 4,2,1600.77,0.2,2561.23,903.15,1806.3,754.93,16,Summer
ORD00120,03-09-2023,CUST1726,South,Store C,Electronics,Camera,Camera Model 12,4,2640.81,0.05,10035.08,1550.4,6201.6,3833.48,16,Autumn
ORD00121,27-04-2023,CUST1472,North,Store B,Grocery,Staples,Staples Model 66,3,952.23,0.1,2571.02,548.64,1645.92,925.1,20,Spring
ORD00122,01-03-2024,CUST1854,West,Store D,Furniture,Bed,Bed Model 71,3,1109.93,0.05,3163.3,600.08,1800.24,1363.06,40,Spring
ORD00123,28-01-2024,CUST1195,South,Store A,Clothing,Jackets,Jackets Model 44,2,1882.67,0.2,3012.27,675.76,1351.52,1660.75,9,Winter
ORD00124,01-10-2023,CUST1840,North,Store C,Clothing,Jackets,Jackets Model 111,6,657.86,0.05,3749.8,218.67,1312.02,2437.78,15,Autumn
ORD00125,02-04-2024,CUST1551,West,Store C,Clothing,Jackets,Jackets Model 59,2,1161.28,0.1,2090.3,427.78,855.56,1234.74,15,Spring
ORD00126,13-07-2023,CUST1714,South,Store D,Furniture,Bed,Bed Model 6,2,1700.58,0.1,3061.04,786.94,1573.88,1487.16,29,Summer
ORD00127,29-04-2024,CUST1722,West,Store D,Furniture,Bed,Bed Model 5,3,497.04,0.05,1416.56,259.57,778.71,637.85,30,Spring
ORD00128,29-05-2024,CUST1988,East,Store A,Grocery,Snacks,Snacks Model 68,3,724.11,0.15,1846.48,406.8,1220.4,626.08,36,Spring
ORD00129,16-01-2023,CUST1739,South,Store D,Furniture,Chair,Chair Model 61,4,1897.2,0.1,6829.92,882.83,3531.32,3298.6,22,Winter
ORD00130,13-12-2023,CUST1638,West,Store A,Clothing,Jackets,Jackets Model 41,2,1750.64,0.15,2976.09,665.68,1331.36,1644.73,51,Winter
ORD00131,08-07-2024,CUST1036,North,Store B,Clothing,Jeans,Jeans Model 96,5,1173.76,0,5868.8,419.58,2097.9,3770.9,39,Summer
ORD00132,20-03-2024,CUST1100,North,Store D,Furniture,Sofa,Sofa Model 116,4,1970.44,0,7881.76,1052,4208,3673.76,13,Spring
ORD00133,17-02-2023,CUST1332,North,Store C,Clothing,Dresses,Dresses Model 56,1,1845.64,0.05,1753.36,693.76,693.76,1059.6,50,Winter
ORD00134,08-09-2023,CUST1543,West,Store B,Furniture,Table,Table Model 11,2,703.63,0.2,1125.81,373.12,746.24,379.57,26,Autumn
ORD00135,27-01-2024,CUST1634,South,Store D,Furniture,Table,Table Model 60,1,700.32,0.1,630.29,343.03,343.03,287.26,29,Winter
ORD00136,15-04-2024,CUST1261,North,Store D,Clothing,Jeans,Jeans Model 10,2,1488.13,0.15,2529.82,515.87,1031.74,1498.08,20,Spring
ORD00137,20-12-2023,CUST1601,East,Store D,Clothing,Jackets,Jackets Model 109,2,324.67,0.1,584.41,106.28,212.56,371.85,5,Winter
ORD00138,23-07-2023,CUST1393,West,Store A,Furniture,Bed,Bed Model 74,4,75.53,0.1,271.91,39,156,115.91,23,Summer
ORD00139,11-08-2024,CUST1302,East,Store A,Grocery,Staples,Staples Model 2,3,858.52,0.2,2060.45,472.39,1417.17,643.28,20,Summer
ORD00140,03-12-2024,CUST1796,North,Store D,Clothing,Jeans,Jeans Model 78,2,1512.42,0.1,2722.36,498.63,997.26,1725.1,21,Winter
ORD00141,13-08-2023,CUST1651,South,Store C,Furniture,Chair,Chair Model 116,3,121.27,0,363.81,60.3,180.9,182.91,12,Summer
ORD00142,13-11-2023,CUST1807,West,Store A,Clothing,Jeans,Jeans Model 12,4,831.49,0.1,2993.36,294.49,1177.96,1815.4,21,Autumn
ORD00143,01-12-2023,CUST1765,West,Store B,Furniture,Table,Table Model 101,2,1730.48,0.2,2768.77,942.44,1884.88,883.89,5,Winter
ORD00144,10-01-2024,CUST1543,East,Store B,Clothing,Jackets,Jackets Model 104,3,354.5,0.1,957.15,129.43,388.29,568.86,10,Winter
ORD00145,13-12-2023,CUST1823,North,Store D,Electronics,Laptop,Laptop Model 97,2,724.27,0.05,1376.11,411.19,822.38,553.73,21,Winter
ORD00146,23-11-2024,CUST1741,West,Store C,Electronics,Camera,Camera Model 2,2,771.68,0.1,1389.02,425.92,851.84,537.18,18,Autumn
ORD00147,03-07-2024,CUST1126,West,Store C,Clothing,Jackets,Jackets Model 106,4,824.51,0.1,2968.24,298.28,1193.12,1775.12,12,Summer
ORD00148,21-04-2023,CUST1691,South,Store D,Electronics,Headphones,Headphones Model 118,2,325.11,0.2,520.18,183.67,367.34,152.84,11,Spring
ORD00149,15-08-2023,CUST1663,North,Store D,Clothing,Jackets,Jackets Model 15,1,403.8,0.05,383.61,143.68,143.68,239.93,31,Summer
ORD00150,16-02-2023,CUST1968,North,Store C,Grocery,Snacks,Snacks Model 13,3,790.4,0.05,2252.64,482.8,1448.4,804.24,17,Winter
ORD00151,04-07-2024,CUST1138,West,Store D,Clothing,Jackets,Jackets Model 76,3,1126.49,0.05,3210.5,389.23,1167.69,2042.81,22,Summer
ORD00152,29-02-2024,CUST1670,North,Store D,Grocery,Staples,Staples Model 5,2,1743.51,0.1,3138.32,1043.48,2086.96,1051.36,18,Winter
ORD00153,11-08-2023,CUST1454,West,Store B,Clothing,Shirts,Shirts Model 88,4,573.92,0.1,2066.11,202.54,810.16,1255.95,5,Summer
ORD00154,11-07-2024,CUST1923,East,Store A,Grocery,Staples,Staples Model 25,2,1969.58,0,-3939.16,1187.82,2375.64,-6314.8,28,Summer
ORD00155,10-04-2024,CUST1093,South,Store A,Electronics,Headphones,Headphones Model 32,2,128.79,0.05,244.7,83.68,167.36,77.34,28,Spring
ORD00156,01-08-2024,CUST1210,North,Store B,Furniture,Table,Table Model 43,3,1668,0.05,4753.8,785.03,2355.09,2398.71,8,Summer
ORD00157,02-09-2024,CUST1002,East,Store B,Furniture,Sofa,Sofa Model 103,1,316.93,0.05,301.08,171.14,171.14,129.94,26,Autumn
ORD00158,23-04-2023,CUST1676,North,Store B,Electronics,Headphones,Headphones Model 102,3,2749.65,0.05,7836.5,1622.99,4868.97,2967.53,31,Spring
ORD00159,25-08-2024,CUST1331,North,Store B,Clothing,Shirts,Shirts Model 17,3,374.25,0.15,954.34,137.22,411.66,542.68,22,Summer
ORD00160,22-06-2024,CUST1116,North,Store D,Grocery,Staples,Staples Model 66,2,612.95,0.2,980.72,357.15,714.3,266.42,10,Summer
ORD00161,22-04-2023,CUST1462,South,Store A,Clothing,Jackets,Jackets Model 83,3,978.3,0,2934.9,353.61,1060.83,1874.07,21,Spring
ORD00162,04-03-2023,CUST1490,West,Store D,Electronics,Camera,Camera Model 92,2,842.12,0.15,1431.6,514.88,1029.76,401.84,22,Spring
ORD00163,17-03-2023,CUST1920,North,Store C,Furniture,Chair,Chair Model 17,1,1017.91,0.1,916.12,518.81,518.81,397.31,33,Spring
ORD00164,01-10-2024,CUST1648,East,Store D,Clothing,Jackets,Jackets Model 65,1,196.52,0.2,157.22,71.92,71.92,85.3,17,Autumn
ORD00165,16-03-2024,CUST1101,North,Store B,Grocery,Dairy,Dairy Model 114,4,1647.25,0.05,6259.55,1047.54,4190.16,2069.39,6,Spring
ORD00166,28-02-2024,CUST1347,West,Store D,Grocery,Snacks,Snacks Model 41,3,1838.76,0.15,4688.84,1023.12,3069.36,1619.48,31,Winter
ORD00167,17-11-2023,CUST1681,East,Store C,Furniture,Bed,Bed Model 9,3,1106.71,0,3320.13,594.63,1783.89,1536.24,29,Autumn
ORD00168,29-03-2023,CUST1095,West,Store A,Clothing,Jeans,Jeans Model 72,4,1004.38,0,4017.52,331.93,1327.72,2689.8,27,Spring
ORD00169,23-08-2024,CUST1979,East,Store A,Grocery,Staples,Staples Model 112,3,1425.87,0.15,3635.97,928.28,2784.84,851.13,23,Summer
ORD00170,22-02-2023,CUST1991,East,Store C,Clothing,Shirts,Shirts Model 74,2,1409.97,0.2,2255.95,473.49,946.98,1308.97,5,Winter
ORD00171,06-08-2023,CUST1158,West,Store B,Electronics,Headphones,Headphones Model 109,7,2499.58,0.2,13997.65,1360.87,9526.09,4471.56,5,Summer
ORD00172,12-01-2024,CUST1117,East,Store B,Grocery,Snacks,Snacks Model 78,1,200.06,0.1,180.05,124.75,124.75,55.3,33,Winter
ORD00173,30-01-2023,CUST1184,East,Store C,Clothing,Dresses,Dresses Model 1,3,664.82,0.05,1894.74,234.52,703.56,1191.18,12,Winter
ORD00174,27-05-2023,CUST1579,West,Store A,Furniture,Chair,Chair Model 12,4,97.58,0.2,312.26,52.4,209.6,102.66,37,Spring
ORD00175,09-08-2023,CUST1385,West,Store D,Clothing,Jeans,Jeans Model 48,1,1755.67,0.1,1580.1,618.04,618.04,962.06,13,Summer
ORD00176,29-11-2023,CUST1795,North,Store A,Furniture,Table,Table Model 97,6,871.65,0.2,4183.92,456.53,2739.18,1444.74,36,Autumn
ORD00177,20-02-2023,CUST1690,North,Store C,Grocery,Dairy,Dairy Model 63,2,741.51,0.2,1186.42,425.97,851.94,334.48,7,Winter
ORD00178,28-03-2024,CUST1424,East,Store B,Electronics,Headphones,Headphones Model 56,1,127.28,0,127.28,83.82,83.82,43.46,18,Spring
ORD00179,18-10-2023,CUST1694,West,Store C,Electronics,Laptop,Laptop Model 51,3,713.39,0.2,1712.14,466.55,1399.65,312.49,31,Autumn
ORD00180,26-02-2023,CUST1007,South,Store C,Furniture,Table,Table Model 98,4,1982.78,0.1,-7138.01,938.19,3752.76,-10890.77,17,Winter
ORD00181,24-10-2023,CUST1335,North,Store A,Grocery,Dairy,Dairy Model 23,5,394.23,0.05,1872.59,223.31,1116.55,756.04,26,Autumn
ORD00182,25-01-2024,CUST1545,South,Store C,Electronics,Camera,Camera Model 111,2,2909.63,0,5819.26,1879.78,3759.56,2059.7,12,Winter
ORD00183,22-03-2024,CUST1019,West,Store A,Clothing,Jackets,Jackets Model 74,4,1528.57,0.15,5197.14,555.97,2223.88,2973.26,24,Spring
ORD00184,27-12-2024,CUST1655,West,Store C,Electronics,Camera,Camera Model 3,2,1645.65,0.1,2962.17,1005.74,2011.48,950.69,15,Winter
ORD00185,25-06-2023,CUST1820,West,Store C,Electronics,Camera,Camera Model 109,2,2641.57,0,5283.14,1510.64,3021.28,2261.86,26,Summer
ORD00186,07-09-2023,CUST1446,West,Store A,Grocery,Staples,Staples Model 96,2,846.48,0.1,1523.66,494.96,989.92,533.74,33,Autumn
ORD00187,15-08-2023,CUST1341,South,Store A,Electronics,Laptop,Laptop Model 116,3,312.06,0.1,842.56,176.76,530.28,312.28,13,Summer
ORD00188,26-12-2023,CUST1744,South,Store B,Electronics,Laptop,Laptop Model 33,4,2487.19,0.05,9451.32,1446.89,5787.56,3663.76,22,Winter
ORD00189,27-06-2023,CUST1616,South,Store A,Furniture,Bed,Bed Model 60,3,1763.33,0.2,4231.99,934.11,2802.33,1429.66,31,Summer
ORD00190,16-08-2024,CUST1459,East,Store C,Furniture,Bed,Bed Model 9,7,359.28,0.15,2137.72,193.32,1353.24,784.48,25,Summer
ORD00191,28-03-2024,CUST1646,East,Store C,Electronics,Headphones,Headphones Model 65,2,2490.51,0,4981.02,1383.39,2766.78,2214.24,34,Spring
ORD00192,14-11-2023,CUST1472,West,Store A,Electronics,Headphones,Headphones Model 107,2,2508.99,0.1,4516.18,1507.64,3015.28,1500.9,10,Autumn
ORD00193,20-03-2023,CUST1660,North,Store D,Grocery,Snacks,Snacks Model 58,1,609.72,0.2,487.78,374.39,374.39,113.39,24,Spring
ORD00194,29-10-2024,CUST1192,East,Store D,Furniture,Chair,Chair Model 58,3,1570.7,0,4712.1,723.62,2170.86,2541.24,21,Autumn
ORD00195,18-12-2023,CUST1731,North,Store B,Electronics,Laptop,Laptop Model 91,5,2801.18,0.15,11905.01,1547.09,7735.45,4169.56,22,Winter
ORD00196,25-03-2024,CUST1536,South,Store C,Clothing,Dresses,Dresses Model 50,1,636.88,0.15,541.35,232.19,232.19,309.16,24,Spring
ORD00197,13-12-2023,CUST1695,North,Store C,Electronics,Headphones,Headphones Model 13,1,1777.85,0.2,1422.28,1033.83,1033.83,388.45,14,Winter
ORD00198,25-11-2024,CUST1395,East,Store C,Furniture,Sofa,Sofa Model 11,5,1528.61,0.2,6114.44,691.63,3458.15,2656.29,21,Autumn
ORD00199,10-11-2024,CUST1144,East,Store C,Grocery,Beverages,Beverages Model 77,1,681.04,0,681.04,407.7,407.7,273.34,28,Autumn
ORD00200,14-11-2023,CUST1572,West,Store C,Furniture,Chair,Chair Model 83,2,1994.39,0.15,3390.46,982.47,1964.94,1425.52,32,Autumn
ORD00201,04-06-2024,CUST1370,North,Store C,Clothing,Jeans,Jeans Model 28,2,1599.88,0.1,2879.78,581.65,1163.3,1716.48,33,Summer
ORD00202,12-05-2024,CUST1196,South,Store B,Furniture,Chair,Chair Model 38,3,893.05,0,2679.15,486.14,1458.42,1220.73,35,Spring
ORD00203,03-06-2024,CUST1789,North,Store C,Furniture,Bed,Bed Model 20,3,584.72,0.05,1666.45,320.66,961.98,704.47,30,Summer
ORD00204,05-07-2023,CUST1851,South,Store D,Electronics,Camera,Camera Model 47,2,166.07,0.05,315.53,102.66,205.32,110.21,22,Summer
ORD00205,30-03-2024,CUST1625,East,Store D,Furniture,Table,Table Model 40,5,1743.82,0.15,7411.23,920.14,4600.7,2810.53,26,Spring
ORD00206,18-07-2023,CUST1376,West,Store D,Clothing,Jackets,Jackets Model 65,3,113.43,0.2,272.23,43.04,129.12,143.11,28,Summer
ORD00207,04-03-2024,CUST1989,South,Store B,Furniture,Sofa,Sofa Model 7,4,294.11,0.15,999.97,152.51,610.04,389.93,5,Spring
ORD00208,16-01-2024,CUST1567,North,Store A,Clothing,Shirts,Shirts Model 98,2,1184.84,0.05,2251.2,395.53,791.06,1460.14,16,Winter
ORD00209,07-10-2023,CUST1460,South,Store D,Electronics,Laptop,Laptop Model 105,3,108.99,0.15,277.92,59.8,179.4,98.52,19,Autumn
ORD00210,24-12-2023,CUST1952,North,Store D,Electronics,Camera,Camera Model 65,3,2590.86,0.1,6995.32,1641.52,4924.56,2070.76,5,Winter
ORD00211,30-08-2023,CUST1395,North,Store C,Furniture,Chair,Chair Model 41,1,986.99,0,986.99,454.5,454.5,532.49,19,Summer
ORD00212,27-10-2024,CUST1343,South,Store B,Electronics,Headphones,Headphones Model 118,4,1029.9,0.15,3501.66,620.13,2480.52,1021.14,6,Autumn
ORD00213,13-12-2024,CUST1851,South,Store D,Grocery,Snacks,Snacks Model 116,1,733.72,0,733.72,399.13,399.13,334.59,17,Winter
ORD00214,20-01-2023,CUST1262,South,Store B,Grocery,Snacks,Snacks Model 100,1,1156.7,0.1,1041.03,720.32,720.32,320.71,11,Winter
ORD00215,01-09-2023,CUST1308,North,Store A,Furniture,Bed,Bed Model 82,3,253.91,0.2,609.38,130.42,391.26,218.12,41,Autumn
ORD00216,13-04-2024,CUST1064,North,Store D,Electronics,Laptop,Laptop Model 92,6,2692.34,0.05,15346.34,1630.78,9784.68,5561.66,24,Spring
ORD00217,26-10-2023,CUST1439,North,Store C,Furniture,Bed,Bed Model 24,4,1476.6,0,5906.4,676.52,2706.08,3200.32,7,Autumn
ORD00218,20-06-2024,CUST1998,East,Store A,Electronics,Camera,Camera Model 112,5,743.23,0.15,3158.73,490.2,2451,707.73,13,Summer
ORD00219,14-02-2023,CUST1650,West,Store C,Clothing,Shirts,Shirts Model 46,3,1376.45,0,4129.35,440.54,1321.62,2807.73,33,Winter
ORD00220,20-12-2023,CUST1246,North,Store C,Furniture,Chair,Chair Model 46,4,773.53,0.2,2475.3,424.49,1697.96,777.34,18,Winter
ORD00221,13-12-2023,CUST1833,South,Store D,Grocery,Beverages,Beverages Model 104,1,1740.71,0.05,1653.67,1060.86,1060.86,592.81,40,Winter
ORD00222,06-03-2023,CUST1733,West,Store A,Clothing,Jeans,Jeans Model 6,5,1205.08,0.05,5724.13,456.56,2282.8,3441.33,14,Spring
ORD00223,12-02-2023,CUST1323,East,Store D,Grocery,Staples,Staples Model 5,2,1281.54,0.05,2434.93,804.77,1609.54,825.39,24,Winter
ORD00224,20-10-2023,CUST1365,North,Store C,Clothing,Shirts,Shirts Model 103,3,1944.22,0.1,5249.39,637.06,1911.18,3338.21,11,Autumn
ORD00225,23-03-2024,CUST1910,West,Store D,Grocery,Staples,Staples Model 24,3,1747.96,0.15,4457.3,1037.3,3111.9,1345.4,5,Spring
ORD00226,09-12-2024,CUST1509,East,Store C,Electronics,Camera,Camera Model 11,2,1218.91,0.15,2072.15,800.01,1600.02,472.13,22,Winter
ORD00227,08-09-2024,CUST1842,South,Store C,Clothing,Shirts,Shirts Model 11,3,1558.27,0.1,4207.33,505.13,1515.39,2691.94,19,Autumn
ORD00228,07-11-2024,CUST1302,East,Store D,Grocery,Beverages,Beverages Model 89,2,381.03,0.15,647.75,229.52,459.04,188.71,26,Autumn
ORD00229,26-12-2023,CUST1457,North,Store C,Grocery,Staples,Staples Model 82,3,534.99,0,1604.97,328.51,985.53,619.44,9,Winter
ORD00230,18-03-2023,CUST1687,West,Store C,Furniture,Chair,Chair Model 19,2,1485.98,0.2,2377.57,767.33,1534.66,842.91,26,Spring
ORD00231,25-11-2024,CUST1800,West,Store A,Furniture,Chair,Chair Model 31,6,268.24,0.1,1448.5,127.94,767.64,680.86,20,Autumn
ORD00232,06-01-2024,CUST1392,North,Store B,Grocery,Staples,Staples Model 48,2,288.11,0.15,489.79,171.21,342.42,147.37,14,Winter
ORD00233,20-03-2023,CUST1587,South,Store C,Grocery,Staples,Staples Model 84,4,339.27,0.1,1221.37,223.37,893.48,327.89,21,Spring
ORD00234,13-09-2023,CUST1983,North,Store A,Furniture,Bed,Bed Model 67,4,1350.39,0.15,4591.33,626.53,2506.12,2085.21,25,Autumn
ORD00235,29-07-2024,CUST1120,East,Store C,Grocery,Beverages,Beverages Model 79,1,650.46,0.1,585.41,406.25,406.25,179.16,28,Summer
ORD00236,11-12-2024,CUST1938,West,Store B,Electronics,Laptop,Laptop Model 110,2,2042.36,0,4084.72,1211.63,2423.26,1661.46,7,Winter
ORD00237,07-04-2024,CUST1176,West,Store A,Clothing,Dresses,Dresses Model 91,3,1684.32,0,5052.96,641.93,1925.79,3127.17,19,Spring
ORD00238,17-07-2024,CUST1555,East,Store C,Furniture,Table,Table Model 102,4,1865.35,0.1,6715.26,968.03,3872.12,2843.14,44,Summer
ORD00239,04-06-2024,CUST1229,North,Store B,Furniture,Table,Table Model 102,3,818.04,0.15,2086,421.39,1264.17,821.83,23,Summer
ORD00240,27-01-2023,CUST1369,East,Store D,Furniture,Chair,Chair Model 9,2,1955.49,0.1,3519.88,959.54,1919.08,1600.8,10,Winter
ORD00241,12-02-2024,CUST1734,West,Store D,Grocery,Snacks,Snacks Model 17,6,687.71,0.1,3713.63,426.46,2558.76,1154.87,27,Winter
ORD00242,19-10-2024,CUST1075,West,Store D,Clothing,Jeans,Jeans Model 113,4,1111.75,0.2,3557.6,350.65,1402.6,2155,28,Autumn
ORD00243,17-10-2024,CUST1601,South,Store B,Grocery,Snacks,Snacks Model 107,2,822.54,0,1645.08,512.82,1025.64,619.44,8,Autumn
ORD00244,14-06-2024,CUST1156,East,Store B,Furniture,Sofa,Sofa Model 120,2,493.18,0.05,937.04,225.54,451.08,485.96,5,Summer
ORD00245,21-12-2023,CUST1970,East,Store A,Clothing,Jeans,Jeans Model 82,4,790.58,0.2,2529.86,296.81,1187.24,1342.62,5,Winter
ORD00246,09-10-2023,CUST1128,East,Store A,Furniture,Table,Table Model 22,1,715.43,0.2,572.34,349.14,349.14,223.2,47,Autumn
ORD00247,11-09-2024,CUST1345,North,Store A,Electronics,Mobile,Mobile Model 83,3,1853.12,0.2,4447.49,1170.78,3512.34,935.15,27,Autumn
ORD00248,29-09-2023,CUST1666,South,Store D,Electronics,Camera,Camera Model 114,2,647.65,0.2,1036.24,350.32,700.64,335.6,30,Autumn
ORD00249,24-10-2023,CUST1657,East,Store D,Furniture,Bed,Bed Model 39,4,167.52,0.15,569.57,91.04,364.16,205.41,10,Autumn
ORD00250,16-03-2023,CUST1705,North,Store B,Grocery,Dairy,Dairy Model 62,2,605.5,0.15,1029.35,349.3,698.6,330.75,16,Spring
ORD00251,28-07-2023,CUST1348,South,Store C,Clothing,Dresses,Dresses Model 52,3,1240.15,0.05,3534.43,452.82,1358.46,2175.97,12,Summer
ORD00252,15-01-2024,CUST1527,North,Store C,Furniture,Bed,Bed Model 16,1,403.24,0.1,362.92,208.92,208.92,154,5,Winter
ORD00253,05-04-2024,CUST1253,South,Store A,Electronics,Headphones,Headphones Model 50,2,2148.96,0.2,3438.34,1188,2376,1062.34,5,Spring
ORD00254,04-03-2024,CUST1254,South,Store C,Clothing,Jeans,Jeans Model 98,5,1284.65,0.05,6102.09,490.22,2451.1,3650.99,25,Spring
ORD00255,25-05-2024,CUST1527,West,Store D,Clothing,Jackets,Jackets Model 3,4,463.49,0,1853.96,165.82,663.28,1190.68,33,Spring
ORD00256,07-02-2024,CUST1517,West,Store B,Furniture,Sofa,Sofa Model 7,3,1572.02,0,4716.06,750.61,2251.83,2464.23,16,Winter
ORD00257,16-10-2023,CUST1506,West,Store C,Electronics,Mobile,Mobile Model 56,4,1899.79,0.05,7219.2,1128.88,4515.52,2703.68,5,Autumn
ORD00258,28-09-2023,CUST1744,East,Store D,Clothing,Shirts,Shirts Model 52,4,96.1,0,384.4,34.59,138.36,246.04,23,Autumn
ORD00259,06-08-2024,CUST1575,South,Store C,Clothing,Shirts,Shirts Model 50,3,812.27,0.2,1949.45,289.67,869.01,1080.44,23,Summer
ORD00260,06-04-2024,CUST1782,East,Store A,Furniture,Chair,Chair Model 51,2,838.42,0.1,1509.16,413.19,826.38,682.78,19,Spring
ORD00261,14-12-2023,CUST1571,East,Store B,Furniture,Bed,Bed Model 65,4,253.01,0,1012.04,132.18,528.72,483.32,5,Winter
ORD00262,16-02-2023,CUST1039,South,Store C,Grocery,Dairy,Dairy Model 20,1,217.03,0.2,173.62,140.48,140.48,33.14,35,Winter
ORD00263,11-06-2024,CUST1143,East,Store C,Furniture,Bed,Bed Model 79,2,491.98,0.1,885.56,238.86,477.72,407.84,20,Summer
ORD00264,30-08-2024,CUST1344,West,Store C,Grocery,Snacks,Snacks Model 48,1,1610.7,0.1,1449.63,914.95,914.95,534.68,10,Summer
ORD00265,20-11-2024,CUST1112,West,Store C,Electronics,Camera,Camera Model 34,5,1049.03,0.2,4196.12,650.75,3253.75,942.37,40,Autumn
ORD00266,14-08-2024,CUST1233,North,Store D,Furniture,Bed,Bed Model 19,2,1146.48,0.05,2178.31,625.71,1251.42,926.89,25,Summer
ORD00267,02-02-2023,CUST1586,North,Store B,Electronics,Camera,Camera Model 41,2,662.73,0.15,1126.64,400.49,800.98,325.66,18,Winter
ORD00268,05-06-2023,CUST1422,South,Store D,Grocery,Snacks,Snacks Model 91,5,507.55,0.05,2410.86,298.4,1492,918.86,9,Summer
ORD00269,15-06-2024,CUST1212,East,Store D,Grocery,Staples,Staples Model 23,4,1691.96,0.15,5752.66,1019.43,4077.72,1674.94,11,Summer
ORD00270,29-06-2024,CUST1350,East,Store C,Grocery,Beverages,Beverages Model 32,2,1660.83,0.1,2989.49,1052.71,2105.42,884.07,22,Summer
ORD00271,25-07-2024,CUST1305,South,Store C,Clothing,Jeans,Jeans Model 89,2,641.1,0.15,1089.87,213.75,427.5,662.37,11,Summer
ORD00272,21-11-2023,CUST1491,East,Store C,Clothing,Shirts,Shirts Model 74,4,922.04,0.2,2950.53,329.21,1316.84,1633.69,17,Autumn
ORD00273,24-01-2024,CUST1917,West,Store C,Furniture,Sofa,Sofa Model 6,6,1864.66,0.1,10069.16,860.8,5164.8,4904.36,14,Winter
ORD00274,22-03-2023,CUST1354,West,Store C,Grocery,Beverages,Beverages Model 26,6,835.81,0.2,4011.89,468.74,2812.44,1199.45,33,Spring
ORD00275,05-10-2023,CUST1955,East,Store B,Electronics,Laptop,Laptop Model 32,5,462.63,0,2313.15,297.68,1488.4,824.75,19,Autumn
ORD00276,16-11-2024,CUST1926,South,Store B,Electronics,Mobile,Mobile Model 53,3,1545.01,0.1,4171.53,908.22,2724.66,1446.87,29,Autumn
ORD00277,28-04-2024,CUST1102,South,Store A,Furniture,Bed,Bed Model 84,2,182.94,0.15,311,82.8,165.6,145.4,28,Spring
ORD00278,03-05-2024,CUST1666,South,Store C,Clothing,Dresses,Dresses Model 83,2,1036.98,0,2073.96,358.55,717.1,1356.86,20,Spring
ORD00279,02-04-2023,CUST1667,South,Store A,Furniture,Bed,Bed Model 113,1,1299.61,0.05,1234.63,612.9,612.9,621.73,38,Spring
ORD00280,07-02-2023,CUST1856,West,Store D,Furniture,Sofa,Sofa Model 113,2,1572.49,0,3144.98,779.92,1559.84,1585.14,34,Winter
ORD00281,10-01-2023,CUST1305,North,Store C,Clothing,Jackets,Jackets Model 83,1,1989.99,0.2,1591.99,634.9,634.9,957.09,13,Winter
ORD00282,20-06-2024,CUST1505,South,Store D,Clothing,Jeans,Jeans Model 104,1,641.39,0,-641.39,206.57,206.57,-847.96,15,Summer
ORD00283,05-12-2023,CUST1166,West,Store C,Furniture,Chair,Chair Model 95,2,1043.37,0.1,1878.07,573.51,1147.02,731.05,25,Winter
ORD00284,30-10-2023,CUST1581,South,Store B,Grocery,Dairy,Dairy Model 66,3,880.86,0.1,2378.32,489.48,1468.44,909.88,34,Autumn
ORD00285,30-03-2023,CUST1410,North,Store B,Furniture,Bed,Bed Model 42,3,767.13,0.05,2186.32,376.98,1130.94,1055.38,26,Spring
ORD00286,07-01-2023,CUST1267,West,Store B,Grocery,Staples,Staples Model 43,2,861.5,0.1,-1550.7,514.97,1029.94,-2580.64,29,Winter
ORD00287,19-08-2024,CUST1740,North,Store C,Clothing,Jeans,Jeans Model 8,1,556.64,0,-556.64,204.97,204.97,-761.61,21,Summer
ORD00288,21-04-2024,CUST1314,South,Store D,Clothing,Shirts,Shirts Model 82,2,520.34,0.1,936.61,199.45,398.9,537.71,6,Spring
ORD00289,12-01-2024,CUST1629,South,Store B,Furniture,Bed,Bed Model 20,4,1118.52,0.15,3802.97,554.16,2216.64,1586.33,5,Winter
ORD00290,12-09-2024,CUST1382,West,Store D,Furniture,Table,Table Model 88,3,782.98,0.2,1879.15,383.23,1149.69,729.46,19,Autumn
ORD00291,25-03-2023,CUST1538,West,Store C,Electronics,Mobile,Mobile Model 8,6,2087.79,0.2,10021.39,1237.04,7422.24,2599.15,28,Spring
ORD00292,01-06-2024,CUST1207,South,Store B,Clothing,Jackets,Jackets Model 15,1,1808.44,0.05,1718.02,628.08,628.08,1089.94,14,Summer
ORD00293,20-08-2024,CUST1500,North,Store D,Electronics,Camera,Camera Model 17,6,1591.34,0.2,7638.43,888,5328,2310.43,21,Summer
ORD00294,01-03-2024,CUST1467,North,Store D,Clothing,Shirts,Shirts Model 51,2,215.34,0.1,387.61,78.63,157.26,230.35,40,Spring
ORD00295,04-01-2023,CUST1763,South,Store A,Electronics,Camera,Camera Model 45,1,283.43,0,283.43,153.46,153.46,129.97,7,Winter
ORD00296,08-07-2024,CUST1061,North,Store D,Electronics,Headphones,Headphones Model 53,4,584.27,0.05,2220.23,322.4,1289.6,930.63,8,Summer
ORD00297,19-05-2023,CUST1784,West,Store C,Grocery,Dairy,Dairy Model 112,3,90.84,0.15,231.64,49.95,149.85,81.79,33,Spring
ORD00298,20-01-2024,CUST1082,South,Store C,Electronics,Laptop,Laptop Model 69,2,430.06,0.15,731.1,263.97,527.94,203.16,35,Winter
ORD00299,25-06-2024,CUST1130,South,Store A,Electronics,Headphones,Headphones Model 60,4,2907.83,0.2,9305.06,1848.93,7395.72,1909.34,37,Summer
ORD00300,10-03-2024,CUST1544,West,Store B,Furniture,Bed,Bed Model 45,4,709.62,0.05,2696.56,385.19,1540.76,1155.8,41,Spring
ORD00301,10-10-2023,CUST1193,North,Store A,Grocery,Snacks,Snacks Model 31,2,892.55,0.05,1695.84,529.04,1058.08,637.76,26,Autumn
ORD00302,10-03-2023,CUST1103,North,Store D,Electronics,Laptop,Laptop Model 95,2,652.6,0,1305.2,421.86,843.72,461.48,21,Spring
ORD00303,16-02-2024,CUST1449,South,Store B,Electronics,Laptop,Laptop Model 65,4,2551.05,0.1,9183.78,1658.87,6635.48,2548.3,30,Winter
ORD00304,28-08-2023,CUST1835,East,Store C,Furniture,Sofa,Sofa Model 113,6,1112.8,0.05,6342.96,610.33,3661.98,2680.98,10,Summer
ORD00305,07-11-2024,CUST1533,South,Store D,Clothing,Dresses,Dresses Model 8,2,371.39,0.2,594.22,120.41,240.82,353.4,29,Autumn
ORD00306,28-08-2024,CUST1900,South,Store D,Grocery,Snacks,Snacks Model 45,2,1689.37,0.15,2871.93,1060.82,2121.64,750.29,26,Summer
ORD00307,21-06-2024,CUST1326,West,Store D,Furniture,Sofa,Sofa Model 49,4,1151.79,0.05,4376.8,597.65,2390.6,1986.2,23,Summer
ORD00308,04-07-2024,CUST1484,South,Store B,Clothing,Jeans,Jeans Model 104,2,950.04,0.15,1615.07,299.88,599.76,1015.31,30,Summer
ORD00309,01-03-2023,CUST1575,West,Store D,Furniture,Bed,Bed Model 32,4,832.91,0.1,2998.48,441.45,1765.8,1232.68,23,Spring
ORD00310,28-07-2023,CUST1338,North,Store D,Clothing,Shirts,Shirts Model 69,3,743,0.05,2117.55,274.81,824.43,1293.12,5,Summer
ORD00311,22-02-2023,CUST1274,West,Store A,Electronics,Laptop,Laptop Model 103,2,2300.9,0.2,3681.44,1252.24,2504.48,1176.96,10,Winter
ORD00312,18-11-2024,CUST1572,South,Store D,Furniture,Sofa,Sofa Model 39,3,340.33,0,1020.99,163.55,490.65,530.34,27,Autumn
ORD00313,05-08-2023,CUST1959,South,Store A,Grocery,Beverages,Beverages Model 90,5,1778.08,0.2,7112.32,1086.7,5433.5,1678.82,5,Summer
ORD00314,21-12-2024,CUST1209,West,Store B,Clothing,Dresses,Dresses Model 49,2,1258.2,0.15,2138.94,427.64,855.28,1283.66,5,Winter
ORD00315,30-06-2024,CUST1664,East,Store C,Clothing,Dresses,Dresses Model 66,2,1196.99,0.15,2034.88,417.35,834.7,1200.18,13,Summer
ORD00316,22-04-2024,CUST1100,West,Store C,Furniture,Sofa,Sofa Model 41,4,1369.11,0.15,4654.97,726.31,2905.24,1749.73,22,Spring
ORD00317,16-02-2023,CUST1576,South,Store B,Electronics,Headphones,Headphones Model 71,3,300.4,0.2,720.96,164.33,492.99,227.97,33,Winter
ORD00318,16-08-2024,CUST1737,West,Store C,Furniture,Table,Table Model 43,4,337.53,0.05,1282.61,162.97,651.88,630.73,12,Summer
ORD00319,24-01-2024,CUST1583,South,Store D,Clothing,Dresses,Dresses Model 98,2,480.19,0.15,816.32,171.37,342.74,473.58,22,Winter
ORD00320,19-10-2024,CUST1757,West,Store D,Furniture,Sofa,Sofa Model 22,4,849.31,0.05,3227.38,453.51,1814.04,1413.34,26,Autumn
ORD00321,13-07-2024,CUST1500,South,Store A,Electronics,Mobile,Mobile Model 105,3,614.59,0,1843.77,358.59,1075.77,768,21,Summer
ORD00322,07-01-2023,CUST1422,South,Store B,Electronics,Laptop,Laptop Model 2,3,1331.75,0.05,3795.49,858.62,2575.86,1219.63,5,Winter
ORD00323,01-06-2024,CUST1466,East,Store A,Grocery,Dairy,Dairy Model 3,3,943.46,0,-2830.38,564.15,1692.45,-4522.83,19,Summer
ORD00324,28-06-2024,CUST1564,West,Store A,Electronics,Headphones,Headphones Model 69,4,1859.91,0.1,6695.68,1034.56,4138.24,2557.44,41,Summer
ORD00325,18-01-2023,CUST1514,West,Store B,Electronics,Mobile,Mobile Model 68,4,241.89,0.05,919.18,138.81,555.24,363.94,9,Winter
ORD00326,04-09-2023,CUST1196,East,Store C,Clothing,Jackets,Jackets Model 11,3,1530.83,0.1,4133.24,530.4,1591.2,2542.04,10,Autumn
ORD00327,20-02-2024,CUST1470,South,Store B,Clothing,Shirts,Shirts Model 84,2,1000.76,0,2001.52,317.59,635.18,1366.34,21,Winter
ORD00328,06-04-2023,CUST1415,West,Store D,Grocery,Snacks,Snacks Model 82,3,92.56,0,277.68,57.36,172.08,105.6,11,Spring
ORD00329,20-12-2024,CUST1175,North,Store D,Grocery,Staples,Staples Model 73,4,866.65,0,3466.6,495.05,1980.2,1486.4,29,Winter
ORD00330,24-06-2024,CUST1941,North,Store B,Furniture,Bed,Bed Model 35,2,954.67,0,-1909.34,522.4,1044.8,-2954.14,5,Summer
ORD00331,18-03-2023,CUST1700,East,Store A,Furniture,Sofa,Sofa Model 3,3,344.93,0.05,983.05,162.99,488.97,494.08,27,Spring
ORD00332,24-08-2024,CUST1147,West,Store A,Clothing,Jeans,Jeans Model 73,3,1727.27,0.05,4922.72,631.48,1894.44,3028.28,14,Summer
ORD00333,03-08-2024,CUST1854,West,Store C,Grocery,Beverages,Beverages Model 102,1,1430.28,0,1430.28,865.64,865.64,564.64,19,Summer
ORD00334,27-05-2024,CUST1763,East,Store A,Electronics,Camera,Camera Model 30,2,2841.17,0,5682.34,1824.02,3648.04,2034.3,10,Spring
ORD00335,15-12-2023,CUST1619,West,Store C,Electronics,Headphones,Headphones Model 101,3,1979.1,0.15,5046.7,1198.25,3594.75,1451.95,20,Winter
ORD00336,17-05-2024,CUST1233,East,Store D,Grocery,Beverages,Beverages Model 88,3,1583.24,0.2,3799.78,893.21,2679.63,1120.15,11,Spring
ORD00337,07-11-2024,CUST1389,North,Store C,Furniture,Chair,Chair Model 11,2,693.92,0.1,1249.06,364.78,729.56,519.5,5,Autumn
ORD00338,07-06-2023,CUST1389,South,Store D,Clothing,Dresses,Dresses Model 14,5,1970.73,0,9853.65,727.28,3636.4,6217.25,21,Summer
ORD00339,06-01-2023,CUST1965,East,Store D,Clothing,Dresses,Dresses Model 14,1,177.15,0.05,168.29,61.56,61.56,106.73,25,Winter
ORD00340,31-03-2023,CUST1191,West,Store D,Grocery,Snacks,Snacks Model 4,2,1330.72,0,2661.44,849.87,1699.74,961.7,30,Spring
ORD00341,29-12-2023,CUST1567,North,Store C,Grocery,Snacks,Snacks Model 38,4,1070.49,0.15,3639.67,614.95,2459.8,1179.87,24,Winter
ORD00342,02-02-2024,CUST1797,North,Store B,Furniture,Bed,Bed Model 22,5,358.01,0.05,1700.55,186.02,930.1,770.45,36,Winter
ORD00343,03-10-2023,CUST1308,East,Store D,Furniture,Chair,Chair Model 22,5,1967.87,0.15,8363.45,913.23,4566.15,3797.3,13,Autumn
ORD00344,10-10-2023,CUST1431,East,Store D,Electronics,Headphones,Headphones Model 33,3,1362.95,0.05,3884.41,836.63,2509.89,1374.52,13,Autumn
ORD00345,02-10-2024,CUST1507,South,Store D,Electronics,Laptop,Laptop Model 39,1,2656.07,0,2656.07,1690.41,1690.41,965.66,26,Autumn
ORD00346,10-02-2024,CUST1340,West,Store C,Grocery,Staples,Staples Model 56,5,1769.76,0.2,7079.04,1046.46,5232.3,1846.74,20,Winter
ORD00347,20-05-2023,CUST1307,East,Store B,Grocery,Staples,Staples Model 23,2,1141.52,0.15,1940.58,688.67,1377.34,563.24,26,Spring
ORD00348,23-11-2023,CUST1298,West,Store B,Clothing,Jackets,Jackets Model 36,1,1476.42,0.15,1254.96,484.44,484.44,770.52,23,Autumn
ORD00349,09-01-2024,CUST1116,South,Store B,Electronics,Camera,Camera Model 91,5,1453.17,0.05,6902.56,927.99,4639.95,2262.61,5,Winter
ORD00350,24-03-2024,CUST1816,East,Store A,Grocery,Dairy,Dairy Model 18,4,1438.43,0.1,5178.35,919.33,3677.32,1501.03,12,Spring
ORD00351,05-09-2023,CUST1258,South,Store D,Grocery,Snacks,Snacks Model 58,1,517.75,0.2,414.2,288.41,288.41,125.79,15,Autumn
ORD00352,05-05-2024,CUST1596,West,Store D,Electronics,Headphones,Headphones Model 90,4,2536.23,0.2,8115.94,1513,6052,2063.94,5,Spring
ORD00353,31-08-2024,CUST1653,North,Store A,Furniture,Sofa,Sofa Model 22,3,1368.55,0.2,3284.52,660.34,1981.02,1303.5,14,Summer
ORD00354,15-02-2023,CUST1576,West,Store C,Grocery,Snacks,Snacks Model 2,3,1682.23,0,5046.69,964.78,2894.34,2152.35,22,Winter
ORD00355,22-09-2023,CUST1227,South,Store D,Clothing,Jackets,Jackets Model 60,4,464.66,0.2,1486.91,147.45,589.8,897.11,32,Autumn
ORD00356,08-12-2024,CUST1512,South,Store C,Electronics,Camera,Camera Model 14,6,2728.55,0.1,14734.17,1693.03,10158.18,4575.99,5,Winter
ORD00357,01-03-2024,CUST1942,North,Store A,Furniture,Sofa,Sofa Model 40,2,921.76,0.1,1659.17,457.23,914.46,744.71,21,Spring
ORD00358,11-04-2024,CUST1803,South,Store D,Clothing,Jackets,Jackets Model 13,3,873.97,0.15,2228.62,277.87,833.61,1395.01,33,Spring
ORD00359,14-12-2024,CUST1463,East,Store A,Clothing,Shirts,Shirts Model 104,5,1826,0,9130,671.56,3357.8,5772.2,30,Winter
ORD00360,24-01-2023,CUST1869,East,Store A,Furniture,Table,Table Model 67,3,1422.19,0.05,4053.24,716.88,2150.64,1902.6,13,Winter
ORD00361,19-07-2024,CUST1163,East,Store D,Grocery,Beverages,Beverages Model 103,1,521.69,0.15,443.44,282.49,282.49,160.95,5,Summer
ORD00362,06-10-2024,CUST1188,South,Store D,Grocery,Snacks,Snacks Model 95,3,1499.23,0.2,3598.15,818.25,2454.75,1143.4,16,Autumn
ORD00363,22-07-2023,CUST1460,West,Store D,Electronics,Laptop,Laptop Model 27,6,305.98,0.1,1652.29,174.02,1044.12,608.17,20,Summer
ORD00364,21-12-2024,CUST1828,North,Store A,Furniture,Sofa,Sofa Model 42,1,1671.18,0.05,1587.62,852.13,852.13,735.49,33,Winter
ORD00365,13-04-2024,CUST1116,East,Store D,Clothing,Jackets,Jackets Model 79,1,233.02,0.15,198.07,88.24,88.24,109.83,36,Spring
ORD00366,24-08-2024,CUST1116,East,Store C,Grocery,Beverages,Beverages Model 105,4,668.05,0.1,2404.98,395.59,1582.36,822.62,26,Summer
ORD00367,21-09-2024,CUST1604,North,Store B,Clothing,Shirts,Shirts Model 31,5,1281.05,0.1,5764.73,456.59,2282.95,3481.78,7,Autumn
ORD00368,30-04-2023,CUST1187,East,Store B,Grocery,Dairy,Dairy Model 77,2,799.8,0.05,1519.62,478.7,957.4,562.22,29,Spring
ORD00369,11-08-2024,CUST1392,West,Store B,Grocery,Beverages,Beverages Model 72,6,188.32,0.05,1073.42,107.44,644.64,428.78,14,Summer
ORD00370,16-05-2024,CUST1295,South,Store B,Clothing,Jackets,Jackets Model 80,1,323.05,0,323.05,108.02,108.02,215.03,5,Spring
ORD00371,03-01-2024,CUST1974,North,Store D,Furniture,Table,Table Model 105,4,1241.02,0.15,4219.47,593.29,2373.16,1846.31,20,Winter
ORD00372,29-07-2024,CUST1517,West,Store D,Grocery,Dairy,Dairy Model 91,1,64.94,0.15,55.2,36.77,36.77,18.43,11,Summer
ORD00373,15-05-2024,CUST1171,North,Store A,Furniture,Sofa,Sofa Model 5,1,260.65,0.1,234.58,126.12,126.12,108.46,28,Spring
ORD00374,19-08-2023,CUST1550,East,Store B,Grocery,Dairy,Dairy Model 71,4,219.83,0.2,703.46,134.99,539.96,163.5,37,Summer
ORD00375,26-04-2023,CUST1586,North,Store C,Clothing,Shirts,Shirts Model 98,1,723.19,0.15,614.71,253.49,253.49,361.22,19,Spring
ORD00376,13-07-2024,CUST1223,West,Store A,Furniture,Sofa,Sofa Model 112,3,585.73,0,1757.19,286.69,860.07,897.12,32,Summer
ORD00377,05-04-2024,CUST1269,East,Store A,Grocery,Snacks,Snacks Model 100,4,1235.42,0.05,4694.6,712.99,2851.96,1842.64,14,Spring
ORD00378,03-08-2023,CUST1830,East,Store D,Furniture,Table,Table Model 101,2,1227.4,0.05,2332.06,636.6,1273.2,1058.86,21,Summer
ORD00379,31-07-2023,CUST1824,North,Store C,Clothing,Jeans,Jeans Model 42,1,798.49,0.1,718.64,277.03,277.03,441.61,9,Summer
ORD00380,24-10-2023,CUST1586,East,Store A,Furniture,Bed,Bed Model 118,3,206.35,0,619.05,100.18,300.54,318.51,16,Autumn
ORD00381,11-10-2023,CUST1887,South,Store B,Furniture,Table,Table Model 92,5,69.76,0.1,313.92,35.83,179.15,134.77,25,Autumn
ORD00382,11-09-2023,CUST1779,West,Store D,Furniture,Sofa,Sofa Model 81,3,1809.78,0.15,4614.94,826.43,2479.29,2135.65,29,Autumn
ORD00383,20-01-2024,CUST1462,North,Store A,Grocery,Staples,Staples Model 89,2,72.83,0.1,131.09,43.02,86.04,45.05,26,Winter
ORD00384,10-04-2024,CUST1973,West,Store C,Electronics,Mobile,Mobile Model 94,2,434.78,0.15,739.13,263.93,527.86,211.27,5,Spring
ORD00385,12-10-2024,CUST1680,East,Store A,Grocery,Beverages,Beverages Model 55,5,888.37,0.05,4219.76,551.46,2757.3,1462.46,8,Autumn
ORD00386,21-05-2024,CUST1274,East,Store C,Clothing,Jeans,Jeans Model 73,7,671.79,0.15,3997.15,238.99,1672.93,2324.22,6,Spring
ORD00387,18-12-2023,CUST1915,North,Store A,Electronics,Camera,Camera Model 3,4,1170.57,0,4682.28,655.55,2622.2,2060.08,6,Winter
ORD00388,11-06-2023,CUST1451,West,Store A,Grocery,Beverages,Beverages Model 89,3,99.62,0.05,283.92,61.52,184.56,99.36,22,Summer
ORD00389,27-10-2024,CUST1309,South,Store C,Electronics,Headphones,Headphones Model 33,3,1273.16,0,3819.48,735.05,2205.15,1614.33,31,Autumn
ORD00390,16-01-2024,CUST1680,South,Store A,Grocery,Staples,Staples Model 93,2,1976.67,0.05,3755.67,1175.09,2350.18,1405.49,39,Winter
ORD00391,15-03-2024,CUST1671,North,Store A,Electronics,Laptop,Laptop Model 62,2,1495.35,0,2990.7,812.43,1624.86,1365.84,26,Spring
ORD00392,16-05-2023,CUST1607,South,Store D,Electronics,Mobile,Mobile Model 90,2,165.55,0.1,297.99,97.1,194.2,103.79,24,Spring
ORD00393,04-05-2023,CUST1880,West,Store B,Grocery,Snacks,Snacks Model 30,2,1524.62,0.15,2591.85,907.18,1814.36,777.49,26,Spring
ORD00394,02-04-2023,CUST1748,North,Store A,Clothing,Dresses,Dresses Model 113,1,1914.04,0.1,1722.64,644.99,644.99,1077.65,16,Spring
ORD00395,21-05-2023,CUST1391,South,Store B,Electronics,Mobile,Mobile Model 79,5,2886.32,0.05,13710.02,1693.51,8467.55,5242.47,5,Spring
ORD00396,26-03-2024,CUST1359,South,Store B,Grocery,Dairy,Dairy Model 111,2,1129.74,0.05,2146.51,683.5,1367,779.51,6,Spring
ORD00397,30-03-2023,CUST1918,North,Store B,Electronics,Camera,Camera Model 45,4,833.55,0.15,2834.07,469.58,1878.32,955.75,17,Spring
ORD00398,19-11-2023,CUST1810,South,Store B,Clothing,Shirts,Shirts Model 32,4,1181.91,0.2,3782.11,383.82,1535.28,2246.83,14,Autumn
ORD00399,07-09-2024,CUST1614,East,Store A,Clothing,Jeans,Jeans Model 67,4,1988,0.2,6361.6,748.72,2994.88,3366.72,33,Autumn
ORD00400,05-06-2024,CUST1193,West,Store C,Electronics,Laptop,Laptop Model 64,2,1230.78,0.15,2092.33,670.45,1340.9,751.43,43,Summer
ORD00401,26-04-2023,CUST1246,West,Store A,Electronics,Headphones,Headphones Model 120,3,2894.78,0.1,7815.91,1879.1,5637.3,2178.61,23,Spring
ORD00402,16-05-2023,CUST1396,West,Store C,Furniture,Bed,Bed Model 99,2,1591.49,0,3182.98,736.04,1472.08,1710.9,41,Spring
ORD00403,18-01-2023,CUST1601,North,Store A,Clothing,Jeans,Jeans Model 6,5,952.22,0,4761.1,365.34,1826.7,2934.4,33,Winter
ORD00404,12-02-2024,CUST1518,East,Store D,Grocery,Dairy,Dairy Model 11,3,446.29,0.2,1071.1,281.79,845.37,225.73,19,Winter
ORD00405,04-07-2024,CUST1630,South,Store C,Electronics,Headphones,Headphones Model 11,3,1763.54,0.2,4232.5,1135.49,3406.47,826.03,19,Summer
ORD00406,28-07-2023,CUST1997,South,Store C,Grocery,Snacks,Snacks Model 40,5,263.07,0.15,1118.05,169.02,845.1,272.95,23,Summer
ORD00407,02-09-2023,CUST1059,South,Store A,Grocery,Snacks,Snacks Model 59,4,1772.76,0.2,5672.83,1052.66,4210.64,1462.19,47,Autumn
ORD00408,15-09-2024,CUST1056,East,Store B,Electronics,Mobile,Mobile Model 91,2,1469.77,0.05,2792.56,914.97,1829.94,962.62,22,Autumn
ORD00409,19-12-2024,CUST1011,South,Store D,Clothing,Dresses,Dresses Model 22,3,633.82,0.1,1711.31,215.57,646.71,1064.6,12,Winter
ORD00410,10-05-2023,CUST1767,East,Store A,Electronics,Headphones,Headphones Model 104,3,2993.63,0.15,7633.76,1859.7,5579.1,2054.66,30,Spring
ORD00411,06-10-2023,CUST1536,North,Store C,Electronics,Camera,Camera Model 59,3,2233.27,0.2,5359.85,1429.51,4288.53,1071.32,12,Autumn
ORD00412,04-01-2024,CUST1056,West,Store B,Clothing,Jeans,Jeans Model 33,7,1000.87,0,7006.09,320.71,2244.97,4761.12,25,Winter
ORD00413,10-08-2024,CUST1690,North,Store B,Electronics,Mobile,Mobile Model 110,3,1095.3,0,3285.9,606.05,1818.15,1467.75,5,Summer
ORD00414,08-09-2023,CUST1047,West,Store C,Grocery,Beverages,Beverages Model 23,1,1026.22,0,1026.22,652,652,374.22,22,Autumn
ORD00415,20-07-2024,CUST1822,West,Store B,Clothing,Jeans,Jeans Model 54,2,192.16,0.1,345.89,65.95,131.9,213.99,8,Summer
ORD00416,05-10-2023,CUST1845,North,Store C,Electronics,Mobile,Mobile Model 23,4,2725.37,0.05,10356.41,1576.84,6307.36,4049.05,10,Autumn
ORD00417,12-06-2024,CUST1047,West,Store A,Grocery,Staples,Staples Model 100,2,1298.93,0.1,2338.07,854.02,1708.04,630.03,5,Summer
ORD00418,02-12-2023,CUST1088,West,Store A,Clothing,Jeans,Jeans Model 38,2,1782.89,0.2,2852.62,624.4,1248.8,1603.82,34,Winter
ORD00419,08-11-2023,CUST1757,South,Store D,Clothing,Jackets,Jackets Model 99,4,1381.1,0.05,5248.18,458.44,1833.76,3414.42,30,Autumn
ORD00420,13-07-2024,CUST1778,South,Store B,Electronics,Camera,Camera Model 4,4,2342.89,0.05,8902.98,1341.47,5365.88,3537.1,26,Summer
ORD00421,08-07-2024,CUST1354,North,Store C,Electronics,Camera,Camera Model 109,3,1916.46,0.1,5174.44,1047.38,3142.14,2032.3,10,Summer
ORD00422,17-04-2023,CUST1210,South,Store D,Grocery,Snacks,Snacks Model 19,1,1046.7,0.1,942.03,571.1,571.1,370.93,33,Spring
ORD00423,06-04-2023,CUST1044,South,Store D,Clothing,Jackets,Jackets Model 96,3,1686.71,0,5060.13,531.76,1595.28,3464.85,29,Spring
ORD00424,17-08-2024,CUST1097,South,Store D,Electronics,Mobile,Mobile Model 56,2,1128.68,0.05,2144.49,646.11,1292.22,852.27,9,Summer
ORD00425,31-08-2023,CUST1298,East,Store C,Grocery,Staples,Staples Model 41,5,1824.39,0.15,7753.66,1067.78,5338.9,2414.76,19,Summer
ORD00426,06-10-2023,CUST1239,North,Store B,Furniture,Chair,Chair Model 20,4,375.56,0,1502.24,195.78,783.12,719.12,43,Autumn
ORD00427,18-06-2023,CUST1460,West,Store C,Grocery,Snacks,Snacks Model 69,6,255.46,0.1,1379.48,161.92,971.52,407.96,14,Summer
ORD00428,01-08-2023,CUST1462,East,Store D,Clothing,Shirts,Shirts Model 12,4,942.51,0.05,3581.54,310.67,1242.68,2338.86,21,Summer
ORD00429,03-12-2024,CUST1311,North,Store B,Clothing,Jeans,Jeans Model 12,3,1546.76,0.05,4408.27,532.33,1596.99,2811.28,23,Winter
ORD00430,31-12-2023,CUST1405,North,Store C,Clothing,Jeans,Jeans Model 4,3,1766.31,0.15,4504.09,583.06,1749.18,2754.91,23,Winter
ORD00431,08-04-2024,CUST1569,South,Store A,Grocery,Snacks,Snacks Model 103,3,316.37,0.05,901.65,195.58,586.74,314.91,9,Spring
ORD00432,05-05-2023,CUST1012,North,Store B,Furniture,Table,Table Model 106,4,1785.92,0.15,6072.13,854.99,3419.96,2652.17,33,Spring
ORD00433,17-01-2024,CUST1702,North,Store C,Electronics,Mobile,Mobile Model 9,2,401.17,0.05,-762.22,241.47,482.94,-1245.16,28,Winter
ORD00434,23-10-2024,CUST1454,South,Store A,Clothing,Shirts,Shirts Model 6,1,789.23,0.15,670.85,267.24,267.24,403.61,13,Autumn
ORD00435,21-02-2023,CUST1172,West,Store D,Grocery,Snacks,Snacks Model 49,1,292.52,0.15,248.64,172.48,172.48,76.16,5,Winter
ORD00436,26-06-2023,CUST1362,South,Store B,Clothing,Dresses,Dresses Model 58,3,954.99,0.05,2721.72,365.23,1095.69,1626.03,17,Summer
ORD00437,05-02-2023,CUST1628,South,Store C,Grocery,Dairy,Dairy Model 113,3,1559.28,0.2,3742.27,986.64,2959.92,782.35,25,Winter
ORD00438,05-05-2024,CUST1062,North,Store C,Grocery,Beverages,Beverages Model 54,1,83.05,0.05,78.9,52.52,52.52,26.38,28,Spring
ORD00439,20-10-2024,CUST1905,South,Store A,Grocery,Staples,Staples Model 62,2,567.89,0.2,908.62,307.86,615.72,292.9,31,Autumn
ORD00440,11-05-2024,CUST1352,East,Store D,Clothing,Jeans,Jeans Model 4,3,52.64,0.1,142.13,17.69,53.07,89.06,16,Spring
ORD00441,03-09-2024,CUST1224,North,Store C,Electronics,Camera,Camera Model 68,4,2703.29,0.1,9731.84,1713.84,6855.36,2876.48,17,Autumn
ORD00442,21-08-2024,CUST1238,South,Store A,Furniture,Table,Table Model 35,2,178.1,0.2,284.96,84.21,168.42,116.54,42,Summer
ORD00443,27-02-2023,CUST1782,South,Store D,Clothing,Jeans,Jeans Model 23,2,1507.52,0.05,2864.29,524.87,1049.74,1814.55,20,Winter
ORD00444,29-08-2024,CUST1325,East,Store A,Clothing,Jeans,Jeans Model 73,2,763.08,0.05,1449.85,252.41,504.82,945.03,22,Summer
ORD00445,19-05-2024,CUST1555,East,Store B,Grocery,Snacks,Snacks Model 12,2,1263.71,0,2527.42,800.89,1601.78,925.64,6,Spring
ORD00446,27-08-2023,CUST1616,South,Store A,Grocery,Snacks,Snacks Model 43,4,556.81,0.2,1781.79,323.74,1294.96,486.83,22,Summer
ORD00447,26-07-2023,CUST1825,South,Store C,Furniture,Sofa,Sofa Model 8,3,1785.78,0,5357.34,929.98,2789.94,2567.4,6,Summer
ORD00448,01-06-2023,CUST1600,South,Store A,Clothing,Shirts,Shirts Model 48,3,1026.18,0.15,2616.76,372.07,1116.21,1500.55,18,Summer
ORD00449,23-08-2024,CUST1103,East,Store C,Clothing,Jeans,Jeans Model 21,1,585.67,0.15,497.82,217.57,217.57,280.25,46,Summer
ORD00450,16-10-2024,CUST1983,West,Store C,Furniture,Sofa,Sofa Model 29,2,373.21,0.2,597.14,184.57,369.14,228,5,Autumn
ORD00451,29-06-2023,CUST1387,East,Store C,Furniture,Table,Table Model 94,2,1695.12,0,3390.24,929.13,1858.26,1531.98,25,Summer
ORD00452,19-12-2024,CUST1971,West,Store A,Furniture,Sofa,Sofa Model 118,3,1905.29,0.2,4572.7,1046.92,3140.76,1431.94,24,Winter
ORD00453,15-08-2023,CUST1654,North,Store D,Furniture,Sofa,Sofa Model 96,4,902.14,0,3608.56,459.51,1838.04,1770.52,22,Summer
ORD00454,01-09-2023,CUST1355,East,Store B,Electronics,Headphones,Headphones Model 58,4,2835.33,0,11341.32,1857.75,7431,3910.32,12,Autumn
ORD00455,29-09-2023,CUST1214,South,Store A,Clothing,Dresses,Dresses Model 101,4,979.96,0,3919.84,357.96,1431.84,2488,28,Autumn
ORD00456,02-01-2023,CUST1049,West,Store D,Grocery,Beverages,Beverages Model 114,2,1151.92,0.15,1958.26,728.7,1457.4,500.86,5,Winter
ORD00457,19-05-2024,CUST1902,West,Store C,Grocery,Snacks,Snacks Model 107,2,67.63,0.15,114.97,39.42,78.84,36.13,13,Spring
ORD00458,14-08-2024,CUST1666,South,Store B,Grocery,Snacks,Snacks Model 103,4,885.97,0,3543.88,481.53,1926.12,1617.76,27,Summer
ORD00459,29-10-2023,CUST1020,East,Store C,Electronics,Mobile,Mobile Model 44,3,919.99,0.05,2621.97,540.72,1622.16,999.81,5,Autumn
ORD00460,20-01-2024,CUST1164,North,Store A,Clothing,Jackets,Jackets Model 91,6,539.45,0,-3236.7,191.23,1147.38,-4384.08,5,Winter
ORD00461,17-03-2024,CUST1965,South,Store D,Furniture,Chair,Chair Model 13,3,423.61,0.1,1143.75,229.52,688.56,455.19,20,Spring
ORD00462,30-07-2023,CUST1997,South,Store D,Clothing,Dresses,Dresses Model 39,2,120.24,0.05,228.46,39.35,78.7,149.76,11,Summer
ORD00463,09-04-2023,CUST1050,West,Store D,Furniture,Chair,Chair Model 47,5,1181.17,0,5905.85,592.56,2962.8,2943.05,10,Spring
ORD00464,13-03-2024,CUST1089,East,Store D,Furniture,Chair,Chair Model 4,5,1571.71,0.05,7465.62,782.14,3910.7,3554.92,31,Spring
ORD00465,24-06-2023,CUST1653,East,Store A,Grocery,Snacks,Snacks Model 40,2,1202.7,0.15,2044.59,676.32,1352.64,691.95,30,Summer
ORD00466,27-04-2024,CUST1500,East,Store A,Grocery,Beverages,Beverages Model 48,2,184.56,0.15,-313.75,120.5,241,-554.75,21,Spring
ORD00467,14-01-2024,CUST1191,West,Store A,Clothing,Jackets,Jackets Model 60,5,1402.56,0.1,6311.52,517.51,2587.55,3723.97,8,Winter
ORD00468,20-08-2023,CUST1857,East,Store A,Furniture,Chair,Chair Model 11,3,879.19,0.1,2373.81,398.94,1196.82,1176.99,25,Summer
ORD00469,08-07-2024,CUST1423,South,Store A,Grocery,Dairy,Dairy Model 69,1,1542.82,0.15,1311.4,833.12,833.12,478.28,28,Summer
ORD00470,09-08-2024,CUST1902,South,Store D,Clothing,Shirts,Shirts Model 51,1,1947.5,0,-1947.5,644.29,644.29,-2591.79,5,Summer
ORD00471,29-05-2024,CUST1584,South,Store A,Grocery,Beverages,Beverages Model 22,2,499.31,0.05,948.69,269.72,539.44,409.25,28,Spring
ORD00472,17-07-2023,CUST1129,North,Store D,Electronics,Camera,Camera Model 26,4,1026.49,0.05,-3900.66,642.08,2568.32,-6468.98,6,Summer
ORD00473,01-09-2024,CUST1264,East,Store A,Electronics,Camera,Camera Model 72,3,2713.18,0.15,6918.61,1727.76,5183.28,1735.33,37,Autumn
ORD00474,19-07-2024,CUST1333,East,Store D,Electronics,Camera,Camera Model 15,2,1667.65,0.15,2835.01,1042.48,2084.96,750.05,5,Summer
ORD00475,03-06-2023,CUST1151,North,Store A,Electronics,Headphones,Headphones Model 112,2,1782.54,0.2,2852.06,1166.26,2332.52,519.54,5,Summer
ORD00476,19-12-2023,CUST1898,West,Store C,Grocery,Dairy,Dairy Model 74,3,1052.02,0.2,2524.85,632.33,1896.99,627.86,29,Winter
ORD00477,29-04-2024,CUST1038,South,Store C,Grocery,Beverages,Beverages Model 80,6,1845.94,0.2,8860.51,1150.67,6904.02,1956.49,27,Spring
ORD00478,28-11-2024,CUST1710,West,Store A,Grocery,Staples,Staples Model 89,3,723.42,0.05,2061.75,419.78,1259.34,802.41,25,Autumn
ORD00479,20-02-2023,CUST1763,West,Store C,Clothing,Shirts,Shirts Model 44,7,792.01,0.1,4989.66,258.52,1809.64,3180.02,28,Winter
ORD00480,15-11-2023,CUST1287,West,Store A,Furniture,Table,Table Model 39,2,1686.04,0.15,2866.27,760.64,1521.28,1344.99,30,Autumn
ORD00481,25-11-2023,CUST1275,West,Store A,Furniture,Bed,Bed Model 28,4,1424.5,0.15,4843.3,757.42,3029.68,1813.62,26,Autumn
ORD00482,11-05-2024,CUST1777,East,Store A,Furniture,Chair,Chair Model 40,1,1034.35,0.2,827.48,539.77,539.77,287.71,20,Spring
ORD00483,18-02-2024,CUST1138,North,Store B,Furniture,Table,Table Model 108,3,1127.78,0,3383.34,552.22,1656.66,1726.68,14,Winter
ORD00484,13-09-2023,CUST1033,West,Store A,Clothing,Jeans,Jeans Model 36,5,1268.5,0.1,5708.25,450.35,2251.75,3456.5,9,Autumn
ORD00485,20-04-2024,CUST1517,West,Store A,Electronics,Laptop,Laptop Model 48,3,2046.51,0.15,5218.6,1117.85,3353.55,1865.05,5,Spring
ORD00486,31-08-2024,CUST1456,South,Store D,Clothing,Dresses,Dresses Model 21,2,1261.52,0.1,2270.74,426.88,853.76,1416.98,24,Summer
ORD00487,06-12-2024,CUST1092,East,Store A,Grocery,Snacks,Snacks Model 21,3,1578.33,0.2,3787.99,906.42,2719.26,1068.73,41,Winter
ORD00488,08-08-2023,CUST1877,South,Store B,Furniture,Sofa,Sofa Model 84,2,779.15,0.15,1324.55,424.2,848.4,476.15,12,Summer
ORD00489,09-06-2024,CUST1020,North,Store D,Furniture,Table,Table Model 77,4,865.75,0,3463,454.6,1818.4,1644.6,16,Summer
ORD00490,18-08-2023,CUST1258,East,Store C,Grocery,Dairy,Dairy Model 110,2,1961.72,0.1,3531.1,1075.22,2150.44,1380.66,13,Summer
ORD00491,15-04-2024,CUST1258,South,Store D,Clothing,Jackets,Jackets Model 75,2,1942.82,0,3885.64,627.4,1254.8,2630.84,38,Spring
ORD00492,08-01-2023,CUST1523,East,Store C,Clothing,Shirts,Shirts Model 62,3,825.34,0,2476.02,275.25,825.75,1650.27,12,Winter
ORD00493,11-12-2023,CUST1283,East,Store C,Clothing,Dresses,Dresses Model 25,2,573.64,0.05,1089.92,192.24,384.48,705.44,22,Winter
ORD00494,13-06-2024,CUST1783,South,Store A,Grocery,Staples,Staples Model 88,2,197.39,0.05,375.04,129.13,258.26,116.78,24,Summer
ORD00495,27-01-2023,CUST1671,West,Store C,Clothing,Jackets,Jackets Model 52,2,1218.14,0.15,2070.84,436.89,873.78,1197.06,5,Winter
ORD00496,06-02-2023,CUST1597,South,Store C,Furniture,Bed,Bed Model 117,1,1931.78,0.1,1738.6,917.77,917.77,820.83,29,Winter
ORD00497,03-06-2024,CUST1307,South,Store B,Clothing,Shirts,Shirts Model 61,4,578.64,0.05,2198.83,206.48,825.92,1372.91,17,Summer
ORD00498,22-09-2023,CUST1742,South,Store C,Electronics,Laptop,Laptop Model 46,4,120.03,0.05,456.11,73.21,292.84,163.27,25,Autumn
ORD00499,11-11-2023,CUST1430,East,Store C,Clothing,Dresses,Dresses Model 60,2,1917.28,0,3834.56,657.5,1315,2519.56,15,Autumn
ORD00500,26-04-2024,CUST1054,North,Store D,Furniture,Chair,Chair Model 112,3,66.22,0.15,168.86,32.67,98.01,70.85,31,Spring
